City_ID,City,Lat,Lng,Max Temp,Humidity,Cloudiness,Wind Speed,Country,Date
0,castro,-24.79,-50.01,297.39,51,33,1.25,BR,297.39
1,isangel,-19.55,169.27,300.15,94,75,3.96,VU,300.15
2,moron,-34.65,-58.62,303.71,37,0,7.2,AR,303.71
3,butaritari,3.07,172.79,300.98,84,100,8.01,KI,300.98
4,cherskiy,68.75,161.3,249.75,72,11,3.11,RU,249.75
5,avarua,-21.21,-159.78,300.15,78,100,4.1,CK,300.15
6,atuona,-9.8,-139.03,300.43,78,3,6.74,PF,300.43
7,carnarvon,-24.87,113.63,297.15,83,40,4.6,AU,297.15
8,vestmannaeyjar,63.44,-20.27,272.15,63,75,2.6,IS,272.15
9,hilo,19.73,-155.09,293.71,88,75,2.6,US,293.71
10,punta arenas,-53.15,-70.92,287.15,63,41,9.3,CL,287.15
11,saint-philippe,-21.36,55.77,300.15,78,0,1.0,RE,300.15
12,mahasamund,21.1,82.1,291.94,32,0,1.08,IN,291.94
13,kyenjojo,0.63,30.62,297.23,41,93,1.82,UG,297.23
14,pueblo,38.25,-104.61,275.93,50,75,6.2,US,275.93
15,sistranda,63.73,8.83,276.15,69,40,11.8,NO,276.15
16,flinders,-34.58,150.86,294.82,100,90,1.5,AU,294.82
17,gohad,26.43,78.44,289.89,43,2,2.15,IN,289.89
18,eatonton,33.33,-83.39,294.82,82,90,1.5,US,294.82
19,bubaque,11.28,-15.83,300.04,64,0,5.86,GW,300.04
20,arraial do cabo,-22.97,-42.03,297.15,88,90,2.1,BR,297.15
21,otukpo,7.19,8.13,302.43,14,8,1.36,NG,302.43
22,bredasdorp,-34.53,20.04,295.93,83,0,5.1,ZA,295.93
23,wuzhou,23.48,111.32,291.33,93,8,0.95,CN,291.33
24,provideniya,64.38,-173.3,256.16,93,52,1.4,RU,256.16
25,hithadhoo,-0.6,73.08,301.92,74,100,4.24,MV,301.92
26,kapaa,22.08,-159.32,294.82,88,90,6.2,US,294.82
27,bambous virieux,-20.34,57.76,300.15,83,20,5.1,MU,300.15
28,nikolskoye,59.7,30.79,274.82,94,90,2.0,RU,274.82
29,asau,46.43,26.4,277.04,59,0,1.5,RO,277.04
30,kaitangata,-46.28,169.85,287.24,73,100,4.95,NZ,287.24
31,padang,-0.95,100.35,294.19,93,100,1.24,ID,294.19
32,east london,-33.02,27.91,296.15,73,26,7.2,ZA,296.15
33,collie,-33.37,116.15,294.82,47,77,2.05,AU,294.82
34,hobart,-42.88,147.33,287.15,76,90,2.1,AU,287.15
35,hermanus,-34.42,19.23,295.93,78,0,2.24,ZA,295.93
36,ushuaia,-54.8,-68.3,287.15,50,40,9.8,AR,287.15
37,lebu,-37.62,-73.65,292.85,45,17,4.87,CL,292.85
38,bonavista,48.65,-53.11,271.48,86,100,5.81,CA,271.48
39,cape town,-33.93,18.42,294.82,93,20,4.6,ZA,294.82
40,busselton,-33.65,115.33,294.82,47,65,3.74,AU,294.82
41,sitka,57.05,-135.33,278.15,93,90,3.1,US,278.15
42,fortuna,40.6,-124.16,285.37,87,20,2.64,US,285.37
43,pangnirtung,66.15,-65.71,243.15,67,40,0.56,CA,243.15
44,seoul,37.57,126.98,281.15,93,90,1.5,KR,281.15
45,cotonou,6.37,2.42,302.15,51,0,2.6,BJ,302.15
46,asfi,32.3,-9.24,288.58,77,17,3.52,MA,288.58
47,upernavik,72.79,-56.15,248.64,99,94,1.52,GL,248.64
48,kieta,-6.22,155.63,301.43,80,100,8.63,PG,301.43
49,barrow,71.29,-156.79,242.15,74,1,2.1,US,242.15
50,cabo san lucas,22.89,-109.91,295.93,52,5,4.6,MX,295.93
51,svetlogorsk,52.63,29.73,274.53,83,100,4.14,BY,274.53
52,rikitea,-23.12,-134.97,298.87,80,36,9.51,PF,298.87
53,puerto ayora,-0.74,-90.35,304.15,62,20,9.3,EC,304.15
54,taltal,-25.4,-70.48,294.25,63,40,4.0,CL,294.25
55,port elizabeth,-33.92,25.57,295.15,73,0,6.7,ZA,295.15
56,bandarbeyla,9.49,50.81,298.41,78,23,12.35,SO,298.41
57,abu samrah,35.3,37.18,277.29,80,100,3.5,SY,277.29
58,yulara,-25.24,130.99,305.15,21,62,3.6,AU,305.15
59,collingwood,44.48,-80.22,273.71,82,20,6.2,CA,273.71
60,ukiah,39.15,-123.21,292.04,44,1,1.5,US,292.04
61,zaraza,9.35,-65.32,307.82,33,17,2.81,VE,307.82
62,dhidhdhoo,6.88,73.1,300.98,73,12,2.92,MV,300.98
63,saldanha,-33.01,17.94,293.15,68,38,4.1,ZA,293.15
64,penne,42.45,13.93,283.71,76,8,1.5,IT,283.71
65,bethel,41.37,-73.41,281.48,41,1,2.1,US,281.48
66,albany,42.6,-73.97,278.71,44,75,2.6,US,278.71
67,grindavik,63.84,-22.43,270.15,92,75,3.6,IS,270.15
68,isabela,6.71,121.97,295.29,87,58,0.84,PH,295.29
69,aykhal,66.0,111.5,250.15,76,66,2.0,RU,250.15
70,saint george,37.1,-113.58,283.15,26,1,1.5,US,283.15
71,yerbogachen,61.28,108.01,247.65,92,0,3.63,RU,247.65
72,kushima,31.46,131.23,290.15,88,75,4.6,JP,290.15
73,kavieng,-2.57,150.8,301.67,77,99,5.86,PG,301.67
74,georgetown,5.41,100.34,301.15,83,20,3.6,MY,301.15
75,solnechnyy,50.72,136.63,259.52,93,95,0.86,RU,259.52
76,forio,40.73,13.86,286.15,81,20,4.77,IT,286.15
77,mataura,-46.19,168.86,287.04,95,100,3.58,NZ,287.04
78,vao,-22.67,167.48,300.15,88,100,8.37,NC,300.15
79,santander,43.46,-3.8,286.48,87,20,0.5,ES,286.48
80,matay,28.42,30.78,284.29,62,0,0.64,EG,284.29
81,port alfred,-33.59,26.89,294.26,84,0,2.68,ZA,294.26
82,ratnagiri,16.98,73.3,294.88,65,0,1.23,IN,294.88
83,burpengary,-27.16,152.96,295.93,100,90,1.5,AU,295.93
84,yellowknife,62.46,-114.35,243.15,73,20,3.1,CA,243.15
85,ribeirao branco,-24.22,-48.77,297.05,68,49,4.21,BR,297.05
86,college,64.86,-147.8,252.15,63,90,3.1,US,252.15
87,pasighat,28.07,95.33,289.58,60,85,1.54,IN,289.58
88,kotelnikovo,47.63,43.15,274.22,97,98,9.01,RU,274.22
89,balikpapan,-1.27,116.83,301.4,77,53,7.12,ID,301.4
90,hammerfest,70.66,23.68,273.15,84,20,8.7,NO,273.15
91,lagoa,39.05,-27.98,290.0,85,33,6.38,PT,290.0
92,changji,44.02,87.32,262.15,85,5,0.79,CN,262.15
93,tuktoyaktuk,69.45,-133.04,241.15,67,5,3.1,CA,241.15
94,tasiilaq,65.61,-37.64,266.15,79,90,15.4,GL,266.15
95,beaufort,5.35,115.75,299.15,88,75,3.1,MY,299.15
96,lompoc,34.64,-120.46,292.59,45,1,2.6,US,292.59
97,ngunguru,-35.62,174.5,288.71,96,0,2.68,NZ,288.71
98,la romana,18.43,-68.97,302.15,74,40,5.1,DO,302.15
99,mozarlandia,-14.74,-50.57,304.96,56,69,2.25,BR,304.96
100,egvekinot,66.32,-179.17,253.15,99,100,1.11,RU,253.15
101,jamestown,42.1,-79.24,276.15,78,1,6.2,US,276.15
102,springfield,37.22,-93.3,276.48,100,90,6.7,US,276.48
103,chagoda,59.16,35.33,272.92,93,94,3.37,RU,272.92
104,bathsheba,13.22,-59.52,303.15,58,40,11.3,BB,303.15
105,aklavik,68.22,-135.01,244.15,66,40,1.5,CA,244.15
106,santa rosa,14.31,121.11,298.15,78,20,2.6,PH,298.15
107,jilib,0.49,42.79,299.47,79,5,4.23,SO,299.47
108,srednekolymsk,67.45,153.68,241.91,59,67,2.73,RU,241.91
109,vaini,-21.2,-175.2,297.15,88,75,4.1,TO,297.15
110,flin flon,54.77,-101.86,249.15,47,40,5.7,CA,249.15
111,turukhansk,65.82,87.98,258.68,94,100,5.14,RU,258.68
112,high rock,26.62,-78.28,299.15,83,75,5.7,BS,299.15
113,rusera,25.75,86.03,286.25,62,1,2.89,IN,286.25
114,nanortalik,60.14,-45.24,264.95,51,21,6.03,GL,264.95
115,constitucion,-35.33,-72.42,291.82,62,62,8.24,CL,291.82
116,adrar,20.5,-10.07,301.53,21,0,4.26,MR,301.53
117,dwarka,22.24,68.97,297.54,64,0,5.38,IN,297.54
118,waingapu,-9.66,120.26,301.36,73,87,3.03,ID,301.36
119,luderitz,-26.65,15.16,291.0,93,5,1.71,NA,291.0
120,mayor pablo lagerenza,-19.93,-60.77,310.99,31,59,1.59,PY,310.99
121,swellendam,-34.02,20.44,294.15,83,0,5.1,ZA,294.15
122,coahuayana,18.73,-103.68,298.15,57,40,5.1,MX,298.15
123,tashla,51.77,52.74,262.41,78,91,1.39,RU,262.41
124,shelburne,44.08,-80.2,274.26,88,20,6.2,CA,274.26
125,faranah,10.04,-10.74,307.47,10,37,2.83,GN,307.47
126,bluff,-46.6,168.33,287.04,95,95,3.58,NZ,287.04
127,blythe,33.61,-114.6,290.37,22,1,1.5,US,290.37
128,leningradskiy,69.38,178.42,245.49,96,42,4.49,RU,245.49
129,roald,62.58,6.13,275.37,74,40,9.3,NO,275.37
130,florianopolis,-27.61,-48.5,299.82,74,75,4.6,BR,299.82
131,qaanaaq,77.48,-69.36,246.45,54,0,2.16,GL,246.45
132,ribeira grande,38.52,-28.7,290.15,77,20,5.7,PT,290.15
133,tangwani,28.28,69.0,289.15,67,13,4.18,PK,289.15
134,topolobampo,25.6,-109.05,294.82,32,5,5.7,MX,294.82
135,batagay,67.63,134.63,244.34,99,100,0.47,RU,244.34
136,new norfolk,-42.78,147.06,287.15,76,90,2.1,AU,287.15
137,kaabong,3.48,34.15,297.56,34,45,3.58,UG,297.56
138,turayf,31.67,38.66,282.15,70,0,2.1,SA,282.15
139,taoudenni,22.68,-3.98,301.21,23,0,3.97,ML,301.21
140,esperance,-33.87,121.9,290.15,93,90,3.1,AU,290.15
141,chekalin,54.1,36.24,271.15,86,90,4.0,RU,271.15
142,haines junction,60.75,-137.51,262.81,95,100,2.35,CA,262.81
143,alta floresta,-9.88,-56.09,305.15,62,40,1.5,BR,305.15
144,zheleznodorozhnyy,55.75,38.0,272.15,92,90,3.0,RU,272.15
145,agucadoura,41.43,-8.78,287.15,100,75,3.1,PT,287.15
146,guerrero negro,27.98,-114.06,290.11,35,0,0.93,MX,290.11
147,port macquarie,-31.43,152.92,295.37,100,75,2.6,AU,295.37
148,kruisfontein,-34.0,24.73,294.88,82,0,4.6,ZA,294.88
149,chuy,-33.7,-53.46,298.85,50,11,6.65,UY,298.85
150,poya,-21.35,165.15,300.04,85,100,3.19,NC,300.04
151,tabou,4.42,-7.35,301.48,73,5,2.85,CI,301.48
152,aksu,41.12,80.26,272.91,55,42,0.61,CN,272.91
153,souillac,-20.52,57.52,300.15,83,20,5.1,MU,300.15
154,sabzevar,36.21,57.68,273.41,25,75,5.47,IR,273.41
155,andenes,69.31,16.12,274.15,74,75,3.6,NO,274.15
156,kachug,53.96,105.88,250.95,98,72,1.25,RU,250.95
157,sebeta,8.92,38.62,288.15,77,75,5.1,ET,288.15
158,bengkulu,-3.8,102.27,297.25,92,98,1.47,ID,297.25
159,whitecourt,54.15,-115.69,257.15,71,75,3.1,CA,257.15
160,norman wells,65.28,-126.83,244.15,75,20,4.1,CA,244.15
161,tari,12.41,4.49,299.19,11,100,4.63,NG,299.19
162,airai,-8.93,125.41,292.8,89,100,2.09,TL,292.8
163,bam,29.11,58.36,282.27,22,0,4.64,IR,282.27
164,najran,17.49,44.13,287.15,44,75,3.1,SA,287.15
165,cururupu,-1.83,-44.87,301.31,87,70,2.02,BR,301.31
166,lubumbashi,-11.66,27.48,292.66,95,100,1.83,CD,292.66
167,khatanga,71.97,102.5,252.4,97,100,3.77,RU,252.4
168,san patricio,19.22,-104.7,302.15,74,20,5.1,MX,302.15
169,port blair,11.67,92.75,299.89,73,0,6.83,IN,299.89
170,mahebourg,-20.41,57.7,300.15,83,20,5.1,MU,300.15
171,thompson,55.74,-97.86,246.15,62,90,5.1,CA,246.15
172,ilulissat,69.22,-51.1,255.15,44,20,1.0,GL,255.15
173,les cayes,18.2,-73.75,300.2,68,0,6.88,HT,300.2
174,north bend,43.41,-124.22,284.26,71,1,1.34,US,284.26
175,aykino,62.22,49.99,269.81,93,97,3.62,RU,269.81
176,praia,14.92,-23.51,299.15,27,0,8.2,CV,299.15
177,chokurdakh,70.63,147.92,240.51,76,100,0.46,RU,240.51
178,kitgum,3.28,32.89,301.4,24,41,1.66,UG,301.4
179,hofn,64.25,-15.21,269.15,58,90,8.2,IS,269.15
180,salto del guaira,-24.06,-54.31,301.93,57,44,3.55,PY,301.93
181,vila franca do campo,37.72,-25.43,290.15,82,20,6.2,PT,290.15
182,sorada,19.75,84.43,291.32,62,0,1.07,IN,291.32
183,kodiak,57.79,-152.41,275.15,80,90,8.7,US,275.15
184,ponta do sol,32.67,-17.1,291.15,72,40,1.5,PT,291.15
185,saurimo,-9.66,20.39,295.42,78,44,0.56,AO,295.42
186,hasaki,35.73,140.83,285.37,81,75,2.6,JP,285.37
187,lasa,46.62,10.7,278.15,58,40,1.5,IT,278.15
188,grand-santi,4.25,-54.38,303.6,52,100,1.97,GF,303.6
189,champerico,14.3,-91.92,305.15,52,40,3.1,GT,305.15
190,oil city,41.43,-79.71,275.37,59,1,4.1,US,275.37
191,yangambi,0.81,24.43,298.7,40,0,1.67,CD,298.7
192,severo-kurilsk,50.68,156.12,266.06,91,71,5.43,RU,266.06
193,adre,13.47,22.2,291.44,12,0,4.69,TD,291.44
194,shenkursk,62.11,42.9,273.01,90,99,4.72,RU,273.01
195,tura,25.52,90.22,288.06,50,2,0.75,IN,288.06
196,cayenne,4.93,-52.33,302.15,66,20,5.1,GF,302.15
197,walvis bay,-22.96,14.51,293.15,77,0,2.6,NA,293.15
198,itapecerica da serra,-23.72,-46.85,297.04,77,90,6.2,BR,297.04
199,druzhba,52.04,33.95,272.86,97,99,3.32,UA,272.86
200,luganville,-15.53,167.17,296.87,93,94,1.25,VU,296.87
201,yaan,7.38,8.57,302.98,12,13,1.81,NG,302.98
202,sao joao da barra,-21.64,-41.05,298.15,88,90,2.1,BR,298.15
203,vila velha,-20.33,-40.29,299.26,94,75,4.1,BR,299.26
204,mount gambier,-37.83,140.77,290.15,93,90,5.7,AU,290.15
205,kota belud,6.35,116.43,299.15,88,75,1.0,MY,299.15
206,santa ines,-3.67,-45.38,303.66,69,59,2.12,BR,303.66
207,caravelas,-17.71,-39.25,300.48,76,33,5.2,BR,300.48
208,inhambane,-23.86,35.38,300.15,78,40,2.1,MZ,300.15
209,the valley,18.22,-63.06,298.15,78,20,5.1,AI,298.15
210,nyaunglebin,17.95,96.73,292.28,47,37,0.62,MM,292.28
211,portland,45.52,-122.68,281.48,75,90,3.1,US,281.48
212,mundi,22.07,76.5,295.06,32,0,3.18,IN,295.06
213,prince rupert,54.32,-130.32,278.15,73,90,7.7,CA,278.15
214,namatanai,-3.67,152.43,301.27,77,93,7.94,PG,301.27
215,manta,-0.95,-80.73,302.15,74,75,4.1,EC,302.15
216,longyearbyen,78.22,15.64,258.15,65,20,7.2,SJ,258.15
217,marsh harbour,26.54,-77.06,297.52,81,9,7.48,BS,297.52
218,baft,29.23,56.61,273.94,30,0,3.23,IR,273.94
219,coquimbo,-29.95,-71.34,294.15,68,20,5.7,CL,294.15
220,morant bay,17.88,-76.41,304.15,52,20,11.3,JM,304.15
221,dongsheng,39.82,109.98,274.21,41,72,4.93,CN,274.21
222,khuzhir,53.19,107.34,260.86,75,69,3.01,RU,260.86
223,suez,29.97,32.53,288.4,45,0,1.91,EG,288.4
224,shaunavon,49.65,-108.42,252.1,90,88,1.68,CA,252.1
225,wiarton,44.74,-81.13,273.71,68,90,6.2,CA,273.71
226,verkhoyansk,67.54,133.38,244.59,97,100,0.67,RU,244.59
227,klaksvik,62.23,-6.59,273.15,61,98,5.7,FO,273.15
228,chicama,-7.84,-79.15,297.15,78,86,5.7,PE,297.15
229,kamenka,51.32,42.77,268.71,92,100,7.6,RU,268.71
230,ternate,0.8,127.4,296.19,94,100,0.95,ID,296.19
231,makakilo city,21.35,-158.09,296.15,78,75,1.16,US,296.15
232,meulaboh,4.14,96.13,301.42,78,96,3.18,ID,301.42
233,dahanu,19.97,72.73,298.75,69,7,2.8,IN,298.75
234,ouesso,1.61,16.05,299.04,60,66,0.47,CG,299.04
235,villa corzo,16.17,-93.25,306.15,36,40,2.6,MX,306.15
236,bahia blanca,-38.72,-62.27,305.93,24,4,10.81,AR,305.93
237,columbus,39.96,-83.0,276.48,80,90,2.6,US,276.48
238,zlate moravce,48.39,18.4,278.71,60,100,7.2,SK,278.71
239,itarema,-2.92,-39.92,303.08,66,29,4.52,BR,303.08
240,kikwit,-5.04,18.82,299.12,76,70,1.33,CD,299.12
241,bykov,47.32,142.55,269.15,92,55,1.89,RU,269.15
242,edd,13.93,41.69,296.43,70,72,3.65,ER,296.43
243,korla,41.76,86.15,274.26,77,31,1.34,CN,274.26
244,asmara,15.33,38.93,287.64,74,71,1.54,ER,287.64
245,camacha,33.08,-16.33,291.15,72,20,2.6,PT,291.15
246,south valley,35.01,-106.68,279.26,55,40,5.1,US,279.26
247,havre-saint-pierre,50.23,-63.6,269.15,79,1,8.2,CA,269.15
248,biak,-0.91,122.88,300.7,68,91,3.17,ID,300.7
249,dikson,73.51,80.55,266.74,92,100,10.53,RU,266.74
250,don benito,38.96,-5.86,285.37,90,100,0.45,ES,285.37
251,pisco,-13.7,-76.22,296.48,30,75,5.7,PE,296.48
252,cidreira,-30.18,-50.21,296.88,73,0,8.4,BR,296.88
253,zadar,44.12,15.24,282.59,93,0,1.5,HR,282.59
254,urengoy,65.97,78.37,261.89,94,96,5.72,RU,261.89
255,ibipeba,-11.64,-42.01,303.69,34,22,5.37,BR,303.69
256,katobu,-4.94,122.53,297.19,92,100,0.68,ID,297.19
257,oga,46.46,10.35,271.15,53,4,3.6,IT,271.15
258,mujiayingzi,42.12,118.78,274.93,45,0,3.19,CN,274.93
259,nhulunbuy,-12.23,136.77,301.15,83,82,4.6,AU,301.15
260,jalu,29.03,21.55,291.49,29,0,3.05,LY,291.49
261,clyde river,70.47,-68.59,249.15,76,40,8.2,CA,249.15
262,palanga,55.92,21.07,278.15,86,75,3.6,LT,278.15
263,labuhan,-6.88,112.21,297.56,90,100,0.59,ID,297.56
264,faya,18.39,42.45,287.15,47,5,2.6,SA,287.15
265,honningsvag,70.98,25.97,273.15,70,40,7.2,NO,273.15
266,rawson,-43.3,-65.1,291.53,70,25,11.42,AR,291.53
267,mizdah,31.45,12.98,288.42,19,81,3.18,LY,288.42
268,narsaq,60.92,-46.05,259.15,35,5,2.6,GL,259.15
269,port keats,-14.25,129.55,301.52,87,83,5.63,AU,301.52
270,margate,51.38,1.39,279.82,70,68,1.79,GB,279.82
271,tuatapere,-46.13,167.68,287.04,95,95,1.79,NZ,287.04
272,portel,-1.94,-50.82,300.62,91,92,1.97,BR,300.62
273,abadan,30.34,48.3,280.15,45,0,3.1,IR,280.15
274,le port,-20.94,55.29,300.15,83,75,8.7,RE,300.15
275,bilibino,68.05,166.44,246.08,94,3,1.52,RU,246.08
276,pevek,69.7,170.31,254.31,65,22,2.4,RU,254.31
277,mahibadhoo,3.78,72.97,301.09,79,76,9.37,MV,301.09
278,kaffrine,14.11,-15.55,310.15,20,0,3.1,SN,310.15
279,medvedevo,56.63,47.8,265.15,67,100,5.0,RU,265.15
280,heihe,50.24,127.49,261.15,66,100,1.0,CN,261.15
281,saint-pierre,-21.34,55.48,300.15,78,0,1.0,RE,300.15
282,raychikhinsk,49.78,129.41,258.69,90,100,4.87,RU,258.69
283,poum,-20.23,164.02,300.78,85,40,8.18,NC,300.78
284,mastic beach,40.77,-72.85,280.93,42,1,6.2,US,280.93
285,beringovskiy,63.05,179.32,259.24,96,100,2.59,RU,259.24
286,rocha,-34.48,-54.33,299.9,41,40,6.69,UY,299.9
287,weiser,44.25,-116.97,283.15,39,1,2.1,US,283.15
288,port hardy,50.7,-127.42,278.15,80,20,2.1,CA,278.15
289,crotone,39.09,17.12,285.15,76,40,2.1,IT,285.15
290,quatre cocos,-20.21,57.76,300.15,83,20,5.1,MU,300.15
291,arona,28.1,-16.68,296.15,53,69,2.1,ES,296.15
292,broken hill,-31.95,141.43,295.15,60,0,5.1,AU,295.15
293,synya,65.37,58.04,267.65,89,100,5.99,RU,267.65
294,tarrafal,15.28,-23.77,299.15,27,0,8.2,CV,299.15
295,tommot,58.96,126.29,246.43,97,100,2.62,RU,246.43
296,puerto leguizamo,-0.19,-74.78,302.33,73,48,0.89,CO,302.33
297,khoy,38.55,44.95,266.24,73,73,1.47,IR,266.24
298,praia da vitoria,38.73,-27.07,290.15,88,40,5.26,PT,290.15
299,codrington,-38.27,141.97,291.18,92,91,10.21,AU,291.18
300,bonthe,7.53,-12.51,302.47,68,30,6.14,SL,302.47
301,izberbash,42.57,47.86,275.15,80,71,2.0,RU,275.15
302,ust-kulom,61.69,53.69,265.74,94,93,3.08,RU,265.74
303,tekeli,44.83,78.82,273.34,25,75,2.92,KZ,273.34
304,pauini,-7.71,-66.98,302.05,66,100,1.37,BR,302.05
305,kawalu,-7.38,108.21,295.22,94,98,0.85,ID,295.22
306,salalah,17.02,54.09,297.15,44,21,11.3,OM,297.15
307,comarapa,-17.9,-64.48,296.93,63,77,2.36,BO,296.93
308,torbat-e jam,35.24,60.62,273.33,32,31,2.85,IR,273.33
309,nantucket,41.28,-70.1,279.26,41,1,5.7,US,279.26
310,durango,24.83,-104.83,289.52,11,0,8.75,MX,289.52
311,klyuchi,52.27,79.17,254.53,77,0,3.15,RU,254.53
312,kolpashevo,58.31,82.91,257.57,95,97,2.71,RU,257.57
313,saskylakh,71.92,114.08,244.21,86,83,3.81,RU,244.21
314,dunedin,-45.87,170.5,288.15,75,100,1.34,NZ,288.15
315,whitehorse,60.72,-135.05,267.15,79,90,10.8,CA,267.15
316,curumani,9.2,-73.54,304.76,37,45,2.65,CO,304.76
317,sembabule,-0.08,31.46,294.96,67,21,2.18,UG,294.96
318,richards bay,-28.78,32.04,297.93,71,0,5.31,ZA,297.93
319,mar del plata,-38.0,-57.56,302.59,65,0,8.94,AR,302.59
320,marzuq,14.4,46.47,289.73,61,51,3.74,YE,289.73
321,baykit,61.67,96.37,250.33,98,97,1.33,RU,250.33
322,barsovo,61.17,73.17,264.15,92,88,3.0,RU,264.15
323,harlingen,26.19,-97.7,288.15,82,75,6.2,US,288.15
324,oda,35.18,132.5,282.21,96,98,1.62,JP,282.21
325,porto novo,6.5,2.6,302.15,51,0,2.6,BJ,302.15
326,broome,42.25,-75.83,277.04,71,1,3.1,US,277.04
327,figeac,44.75,1.92,278.15,93,52,1.5,FR,278.15
328,nome,64.5,-165.41,250.93,63,1,1.5,US,250.93
329,adelaide,-34.93,138.6,292.15,82,20,2.1,AU,292.15
330,wanning,18.8,110.4,294.47,94,3,3.56,CN,294.47
331,arlit,18.74,7.39,296.96,8,97,2.72,NE,296.96
332,fairbanks,64.84,-147.72,252.15,76,40,1.83,US,252.15
333,iqaluit,63.75,-68.51,242.59,61,20,5.1,CA,242.59
334,kaniama,-7.57,24.18,294.39,92,78,0.91,CD,294.39
335,beipiao,41.79,120.78,272.58,94,18,2.11,CN,272.58
336,hovd,48.01,91.64,259.03,57,0,2.61,MN,259.03
337,ransang,8.96,117.58,298.39,64,9,1.76,PH,298.39
338,acqui terme,44.68,8.47,284.82,71,0,2.6,IT,284.82
339,noumea,-22.28,166.46,299.82,88,75,1.5,NC,299.82
340,saint-augustin,51.23,-58.65,267.36,87,100,2.18,CA,267.36
341,ligayan,4.65,119.47,300.57,75,57,3.83,PH,300.57
342,sheridan,44.83,-106.92,266.48,85,90,5.7,US,266.48
343,xinzhi,36.5,111.7,277.06,59,0,0.89,CN,277.06
344,deputatskiy,69.3,139.9,248.86,97,100,2.09,RU,248.86
345,kayerkan,69.35,87.76,260.15,84,75,13.0,RU,260.15
346,chernyshevskiy,63.01,112.47,246.13,95,4,2.85,RU,246.13
347,pingxiang,27.62,113.85,286.94,94,99,1.53,CN,286.94
348,trinidad,-14.83,-64.9,301.15,88,75,1.5,BO,301.15
349,gwadar,25.12,62.33,295.15,76,53,5.3,PK,295.15
350,half moon bay,37.46,-122.43,292.59,67,5,2.1,US,292.59
351,talnakh,69.49,88.4,260.15,84,75,13.0,RU,260.15
352,dolinsk,47.35,142.8,266.15,100,46,1.0,RU,266.15
353,waddan,29.16,16.14,290.99,16,0,2.65,LY,290.99
354,tocopilla,-22.09,-70.2,298.74,23,100,5.44,CL,298.74
355,san ramon de la nueva oran,-23.13,-64.33,302.59,59,67,0.45,AR,302.59
356,khandyga,62.67,135.6,248.14,98,100,1.58,RU,248.14
357,torbay,47.67,-52.73,272.04,92,90,15.4,CA,272.04
358,lashio,22.93,97.75,284.43,64,7,0.71,MM,284.43
359,dudinka,69.41,86.18,260.15,84,75,13.0,RU,260.15
360,vangaindrano,-23.35,47.6,296.52,91,7,1.65,MG,296.52
361,pozoblanco,38.38,-4.85,286.15,87,20,1.5,ES,286.15
362,nalut,30.33,10.85,290.14,13,43,3.8,LY,290.14
363,constantine,36.37,6.61,285.15,66,74,2.38,DZ,285.15
364,sakakah,29.97,40.21,282.15,31,0,4.1,SA,282.15
365,kavaratti,10.57,72.64,300.93,69,23,3.2,IN,300.93
366,pekan,3.48,103.4,299.15,88,20,1.5,MY,299.15
367,minab,27.15,57.08,286.15,71,0,1.0,IR,286.15
368,bajos de haina,18.42,-70.03,303.15,62,40,4.1,DO,303.15
369,san cristobal,7.77,-72.22,305.15,49,40,6.2,VE,305.15
370,charlestown,-32.95,151.67,295.93,100,90,2.6,AU,295.93
371,lyuban,52.8,28.0,273.45,87,100,4.75,BY,273.45
372,teahupoo,-17.83,-149.27,303.15,70,75,3.1,PF,303.15
373,bologna,44.47,11.43,284.15,39,0,2.6,IT,284.15
374,nizhniy kuranakh,58.84,125.49,247.69,97,98,3.1,RU,247.69
375,yinchuan,38.47,106.27,275.86,28,31,1.01,CN,275.86
376,tanete,-3.94,119.78,296.89,95,66,0.64,ID,296.89
377,zlotoryja,51.13,15.92,275.15,74,41,4.1,PL,275.15
378,orlik,52.52,99.83,251.33,99,100,0.9,RU,251.33
379,kungurtug,50.6,97.52,252.38,99,100,0.48,RU,252.38
380,dingle,11.0,122.67,295.63,92,17,3.58,PH,295.63
381,oksfjord,70.24,22.35,273.15,62,95,9.3,NO,273.15
382,westport,41.14,-73.36,281.15,41,1,3.6,US,281.15
383,ishigaki,24.34,124.16,295.73,79,0,7.57,JP,295.73
384,yatou,37.15,122.38,278.89,95,0,3.93,CN,278.89
385,jiangyou,31.77,104.72,276.27,93,8,0.84,CN,276.27
386,nelson bay,-32.72,152.15,295.37,100,75,2.6,AU,295.37
387,victoria,22.29,114.16,293.71,88,20,1.5,HK,293.71
388,auki,-8.77,160.7,302.06,76,99,7.15,SB,302.06
389,bati,11.18,40.02,289.11,87,91,0.85,ET,289.11
390,boulsa,12.67,-0.58,302.33,6,100,4.93,BF,302.33
391,katsuura,35.13,140.3,288.15,72,75,8.2,JP,288.15
392,bud,39.45,-86.18,276.48,80,90,3.82,US,276.48
393,satipo,-11.25,-74.64,297.15,72,30,1.26,PE,297.15
394,daund,18.47,74.6,294.65,57,9,2.54,IN,294.65
395,shu,43.6,73.76,275.93,56,100,4.02,KZ,275.93
396,san marcos,33.14,-117.17,292.15,41,1,4.1,US,292.15
397,urumqi,43.8,87.6,261.15,85,5,1.0,CN,261.15
398,hendek,40.8,30.75,276.15,93,72,0.5,TR,276.15
399,jiwani,25.05,61.74,295.08,81,34,5.62,PK,295.08
400,champasak,14.75,106.0,298.72,60,84,1.19,LA,298.72
401,iralaya,15.0,-83.23,303.15,70,40,5.1,HN,303.15
402,huicungo,-7.28,-76.8,307.15,56,75,2.6,PE,307.15
403,ancud,-41.87,-73.82,290.15,51,75,6.2,CL,290.15
404,nasirabad,26.3,74.73,290.27,28,15,2.51,IN,290.27
405,kirakira,-10.45,161.92,298.77,85,100,3.2,SB,298.77
406,vetluga,57.86,45.78,265.39,91,100,3.92,RU,265.39
407,sinnamary,5.38,-52.95,299.5,73,51,5.33,GF,299.5
408,diofior,14.18,-16.67,310.15,45,0,6.7,SN,310.15
409,maceio,-9.67,-35.74,302.15,70,40,4.1,BR,302.15
410,cap malheureux,-19.98,57.61,300.15,83,20,5.1,MU,300.15
411,phuket,8.0,98.25,298.15,88,20,0.5,TH,298.15
412,leshukonskoye,64.9,45.76,272.1,90,100,4.14,RU,272.1
413,tarakan,3.3,117.63,299.52,85,54,4.17,ID,299.52
414,bondo,3.81,23.69,297.63,23,55,1.47,CD,297.63
415,nizhniy bestyakh,61.96,129.91,242.15,67,42,3.0,RU,242.15
416,bontang,0.13,117.5,300.33,81,91,5.89,ID,300.33
417,hambantota,6.12,81.12,298.15,100,75,5.7,LK,298.15
418,ust-kuyga,70.02,135.6,243.98,97,99,0.71,RU,243.98
419,celestun,20.87,-90.4,299.84,75,2,2.05,MX,299.84
420,naze,28.37,129.48,293.15,94,40,3.6,JP,293.15
421,trairi,-3.28,-39.27,303.77,58,29,2.99,BR,303.77
422,saint-joseph,-21.37,55.62,300.15,78,0,1.0,RE,300.15
423,denpasar,-8.65,115.22,300.15,94,20,0.5,ID,300.15
424,billings,45.78,-108.5,267.04,78,90,2.1,US,267.04
425,huarmey,-10.07,-78.15,302.3,49,76,5.3,PE,302.3
426,palana,59.12,159.97,254.69,97,99,1.19,RU,254.69
427,kysyl-syr,63.9,122.76,242.41,98,92,2.29,RU,242.41
428,novi sanzhary,49.34,34.31,273.93,95,100,6.06,UA,273.93
429,cabedelo,-6.98,-34.83,303.15,58,20,6.2,BR,303.15
430,hassleholm,56.16,13.77,278.15,80,75,8.2,SE,278.15
431,luwuk,-0.95,122.79,300.7,68,91,3.17,ID,300.7
432,paamiut,61.99,-49.67,257.84,58,71,6.15,GL,257.84
433,tiksi,71.69,128.87,239.86,91,48,2.08,RU,239.86
434,lingyuan,41.24,119.4,274.39,87,0,2.72,CN,274.39
435,pasni,25.26,63.47,294.54,59,62,1.88,PK,294.54
436,avera,33.19,-82.53,296.48,94,90,4.1,US,296.48
437,mangan,27.52,88.53,277.41,61,12,0.75,IN,277.41
438,staryy nadym,65.61,72.68,265.33,92,89,5.65,RU,265.33
439,ngorongoro,-3.24,35.49,290.74,81,52,0.97,TZ,290.74
440,saint-francois,46.42,3.91,278.15,80,39,1.5,FR,278.15
441,victoria point,-27.58,153.3,295.93,100,90,2.6,AU,295.93
442,dargaville,-35.93,173.88,285.39,97,0,1.06,NZ,285.39
443,teguldet,57.31,88.17,256.29,97,100,2.36,RU,256.29
444,sisimiut,66.94,-53.67,253.8,68,99,2.89,GL,253.8
445,canton,23.12,113.25,292.59,93,90,3.0,CN,292.59
446,vung tau,10.35,107.08,298.24,83,0,7.05,VN,298.24
447,zhigansk,66.77,123.37,237.26,96,41,1.74,RU,237.26
448,poronaysk,49.22,143.12,266.4,89,51,1.01,RU,266.4
449,batagay-alyta,67.8,130.41,242.6,99,94,0.75,RU,242.6
450,smithers,54.78,-127.17,271.15,79,90,3.1,CA,271.15
451,gorin,51.2,136.67,257.16,95,77,0.63,RU,257.16
452,monrovia,6.3,-10.8,301.38,75,25,4.49,LR,301.38
453,daru,-9.08,143.21,297.17,93,97,4.28,PG,297.17
454,angoche,-16.23,39.91,295.77,89,71,1.09,MZ,295.77
455,santa maria,-29.68,-53.81,302.15,54,40,6.2,BR,302.15
456,hualmay,-11.1,-77.61,299.55,59,83,4.65,PE,299.55
457,russell,32.35,-85.2,299.26,69,75,6.7,US,299.26
458,verkhnevilyuysk,63.45,120.32,242.61,97,85,2.38,RU,242.61
459,natalio,-26.72,-55.08,304.63,45,31,2.09,PY,304.63
460,svetogorsk,61.11,28.86,274.26,100,90,3.1,RU,274.26
461,antofagasta,-23.65,-70.4,296.15,60,40,6.2,CL,296.15
462,mangrol,21.12,70.12,298.27,70,0,2.5,IN,298.27
463,labuan,5.28,115.24,299.15,88,75,3.1,MY,299.15
464,necochea,-38.55,-58.74,305.37,46,0,7.6,AR,305.37
465,punta,8.99,125.34,295.57,92,71,1.83,PH,295.57
466,dalbandin,28.89,64.41,290.11,50,43,5.32,PK,290.11
467,sioux lookout,50.1,-91.92,247.15,56,5,4.1,CA,247.15
468,reconquista,-29.15,-59.65,308.67,19,0,3.53,AR,308.67
469,paralimni,35.04,33.98,286.15,87,75,5.7,CY,286.15
470,nuuk,64.18,-51.72,261.15,60,20,6.2,GL,261.15
471,mopipi,-21.18,24.88,294.74,67,43,7.82,BW,294.74
472,iquitos,-3.75,-73.25,279.15,100,90,2.6,PE,279.15
473,ormara,25.21,64.64,296.18,68,86,0.87,PK,296.18
474,manuk mangkaw,4.8,119.85,299.18,80,56,2.81,PH,299.18
475,qaqortoq,60.72,-46.03,259.15,35,5,2.6,GL,259.15
476,faanui,-16.48,-151.75,300.68,81,4,7.13,PF,300.68
477,veinticinco de mayo,-35.43,-60.17,308.15,33,0,0.89,AR,308.15
478,ryotsu,38.08,138.43,279.15,100,90,2.6,JP,279.15
479,gravdal,68.12,13.5,274.15,64,40,3.6,NO,274.15
480,ermoupolis,37.44,24.94,288.71,77,51,5.1,GR,288.71
481,emerald,-23.53,148.17,297.15,88,20,1.0,AU,297.15
482,pechenga,69.53,31.17,269.15,92,75,12.9,RU,269.15
483,noordwijk,52.24,4.45,279.82,64,20,5.7,NL,279.82
484,cuenca,-2.88,-78.98,294.15,49,75,6.2,EC,294.15
485,matamoros,25.53,-103.25,296.15,20,5,5.1,MX,296.15
486,viedma,-40.81,-63.0,307.16,25,0,12.03,AR,307.16
487,sturlic,45.06,15.78,274.26,87,56,1.92,BA,274.26
488,kalabo,-14.97,22.68,295.25,85,72,2.97,ZM,295.25
489,surok,56.45,48.12,265.15,67,100,5.0,RU,265.15
490,si sa ket,15.11,104.33,303.15,65,22,2.1,TH,303.15
491,mana,5.66,-53.78,301.87,58,95,2.48,GF,301.87
492,hit,33.64,42.83,282.41,30,82,6.59,IQ,282.41
493,sadiqabad,28.31,70.13,291.45,32,28,3.36,PK,291.45
494,sironj,24.1,77.7,291.18,28,4,2.51,IN,291.18
495,carutapera,-1.2,-46.02,300.5,82,67,6.8,BR,300.5
496,talcahuano,-36.72,-73.12,294.15,49,1,9.3,CL,294.15
497,tigil,57.8,158.67,252.85,99,100,1.1,RU,252.85
498,laguna,38.42,-121.42,290.37,47,1,1.37,US,290.37
499,lorengau,-2.02,147.27,301.64,76,100,6.06,PG,301.64
500,mokhsogollokh,61.47,128.92,245.06,94,35,3.04,RU,245.06
501,escarcega,18.61,-90.75,306.89,35,8,3.68,MX,306.89
502,parabel,58.7,81.48,258.05,94,96,3.14,RU,258.05
503,rockhampton,-23.38,150.5,296.15,83,0,2.1,AU,296.15
504,thanh hoa,19.8,105.77,295.12,93,76,3.51,VN,295.12
505,torrington,41.8,-73.12,280.37,48,1,2.6,US,280.37
506,tiangua,-3.73,-40.99,302.65,62,16,2.28,BR,302.65
507,alofi,-19.06,-169.92,295.15,94,100,1.0,NU,295.15
508,mayo,38.89,-76.51,282.59,49,1,1.5,US,282.59
509,touros,-5.2,-35.46,303.15,62,75,8.2,BR,303.15
510,bardiyah,31.76,25.09,289.33,77,0,3.82,LY,289.33
511,pita,10.83,-12.58,304.77,14,0,2.97,GN,304.77
512,charters towers,-20.1,146.27,298.38,30,0,2.89,AU,298.38
513,axim,4.87,-2.24,301.67,70,55,3.77,GH,301.67
514,birao,10.28,22.79,294.22,14,51,3.93,CF,294.22
515,vallenar,-28.57,-70.76,297.34,50,8,5.56,CL,297.34
516,aguimes,27.91,-15.45,293.15,68,58,4.6,ES,293.15
517,batetskiy,58.65,30.3,272.04,94,64,2.69,RU,272.04
518,boa vista,2.82,-60.67,303.15,58,75,2.6,BR,303.15
519,palmer,42.16,-72.33,280.37,41,75,3.1,US,280.37
520,nijar,36.97,-2.21,288.15,87,20,1.5,ES,288.15
521,avdon,54.67,55.72,265.15,78,90,2.0,RU,265.15
522,kensington,-33.92,151.22,295.15,94,75,2.02,AU,295.15
523,peniche,39.36,-9.38,287.59,87,90,1.5,PT,287.59
524,camacupa,-12.02,17.48,292.55,81,8,1.25,AO,292.55
525,osakarovka,50.56,72.57,263.27,64,92,6.5,KZ,263.27
526,agadez,19.75,10.25,288.81,19,86,1.01,NE,288.81
527,otofuke,42.99,143.2,270.7,88,24,1.0,JP,270.7
528,nadym,65.53,72.52,265.33,92,89,5.65,RU,265.33
529,kargasok,59.06,80.86,257.83,94,82,3.89,RU,257.83
530,la ronge,55.1,-105.28,247.15,46,5,3.1,CA,247.15
531,maraba,-5.37,-49.12,303.15,79,40,2.1,BR,303.15
532,ola,59.58,151.28,253.87,58,100,1.53,RU,253.87
533,sainte-savine,48.3,4.05,277.59,86,85,2.1,FR,277.59
534,raga,8.46,25.68,294.82,14,46,2.62,SS,294.82
535,sungaipenuh,-2.08,101.38,291.48,98,100,0.54,ID,291.48
536,ceres,37.59,-120.96,290.37,41,1,3.1,US,290.37
537,netarhat,23.48,84.27,285.04,42,0,1.07,IN,285.04
538,toda raisingh,26.03,75.48,289.21,33,6,0.94,IN,289.21
539,fershampenuaz,53.52,59.81,263.05,92,100,1.2,RU,263.05
540,ulaangom,49.98,92.07,256.77,48,0,1.44,MN,256.77
541,berlevag,70.86,29.09,272.15,74,40,9.8,NO,272.15
542,rosia,45.82,24.32,274.26,50,1,2.6,RO,274.26
